{"cameraMode":{"drawMode":0,"name":"Shaded","section":"Shading Mode"},"sceneLighting":false,"audioPlay":false,"sceneViewState":{"showFog":false,"showMaterialUpdate":false,"showSkybox":false,"showFlares":false,"showImageEffects":false,"showParticleSystems":false},"in2DMode":false,"pivot":{"x":0.11303943395614624,"y":0.3145805597305298,"z":-0.7900513410568237},"rotation":{"x":-0.025334123522043229,"y":-0.9700071811676025,"z":0.11579108238220215,"w":-0.2122253030538559},"size":2.4980320930480959,"orthographic":false}