{"cameraMode":{"drawMode":0,"name":"Shaded","section":"Shading Mode"},"sceneLighting":false,"audioPlay":false,"sceneViewState":{"showFog":false,"showMaterialUpdate":false,"showSkybox":false,"showFlares":false,"showImageEffects":false,"showParticleSystems":false},"in2DMode":false,"pivot":{"x":1.390831470489502,"y":-0.2923576831817627,"z":0.5565259456634522},"rotation":{"x":0.040264591574668887,"y":0.9206564426422119,"z":-0.09871019423007965,"w":0.3755386471748352},"size":2.7822487354278566,"orthographic":false}