{"cameraMode":{"drawMode":0,"name":"Shaded","section":"Shading Mode"},"sceneLighting":false,"audioPlay":false,"sceneViewState":{"showFog":false,"showMaterialUpdate":false,"showSkybox":false,"showFlares":false,"showImageEffects":false,"showParticleSystems":false},"in2DMode":false,"pivot":{"x":-0.009999990463256836,"y":-0.09000000357627869,"z":0.0},"rotation":{"x":-0.3685271441936493,"y":0.5478395819664002,"z":-0.2917254567146301,"w":-0.6920675039291382},"size":1.6966150999069214,"orthographic":false}