{"cameraMode":{"drawMode":0,"name":"Shaded","section":"Shading Mode"},"sceneLighting":false,"audioPlay":false,"sceneViewState":{"showFog":false,"showMaterialUpdate":false,"showSkybox":false,"showFlares":false,"showImageEffects":false,"showParticleSystems":false},"in2DMode":false,"pivot":{"x":-3.941467046737671,"y":1.332068920135498,"z":-1.908346176147461},"rotation":{"x":0.006002766080200672,"y":0.9939993023872376,"z":-0.07799874991178513,"w":0.07649049907922745},"size":5.407395362854004,"orthographic":false}