{"cameraMode":{"drawMode":0,"name":"Shaded","section":"Shading Mode"},"sceneLighting":false,"audioPlay":false,"sceneViewState":{"showFog":false,"showMaterialUpdate":false,"showSkybox":false,"showFlares":false,"showImageEffects":false,"showParticleSystems":false},"in2DMode":false,"pivot":{"x":-0.00069427490234375,"y":7.2867279052734379,"z":0.7730039954185486},"rotation":{"x":0.04554593935608864,"y":0.954049289226532,"z":-0.22319230437278748,"w":0.19468790292739869},"size":9.811527252197266,"orthographic":false}