{"cameraMode":{"drawMode":0,"name":"Shaded","section":"Shading Mode"},"sceneLighting":false,"audioPlay":false,"sceneViewState":{"showFog":false,"showMaterialUpdate":false,"showSkybox":false,"showFlares":false,"showImageEffects":false,"showParticleSystems":false},"in2DMode":false,"pivot":{"x":0.7069190144538879,"y":1.7886738777160645,"z":-4.847425937652588},"rotation":{"x":0.003988153301179409,"y":0.9843322038650513,"z":-0.17485986649990083,"w":0.02244752086699009},"size":3.8855631351470949,"orthographic":false}