{"cameraMode":{"drawMode":0,"name":"Shaded","section":"Shading Mode"},"sceneLighting":false,"audioPlay":false,"sceneViewState":{"showFog":false,"showMaterialUpdate":false,"showSkybox":false,"showFlares":false,"showImageEffects":false,"showParticleSystems":false},"in2DMode":false,"pivot":{"x":1.4846487045288087,"y":10.293903350830079,"z":-0.4608572721481323},"rotation":{"x":0.12567974627017976,"y":0.765440821647644,"z":-0.15740227699279786,"w":0.6111736297607422},"size":6.204012870788574,"orthographic":false}